name,description
User Authentication,Implement secure login and registration system with password hashing
Dashboard Overview,Create main dashboard with key metrics and charts
Search Functionality,Full-text search across all content with filters
Export to PDF,Generate PDF reports from data views
Email Notifications,Send automated email alerts for important events
Dark Mode,Add dark theme support for the UI
Mobile Responsive,Ensure all pages work well on mobile devices
API Rate Limiting,Implement rate limiting to prevent abuse
Data Backup,Automated daily backups with restore capability
User Roles,Role-based access control with permissions
